fever,cough,fatigue,headache,sore_throat,runny_nose,shortness_of_breath,chest_pain,wheezing,dizziness,nausea,vomiting,skin_rash,itching,joint_pain,muscle_ache,palpitations,loss_of_appetite,high_fever,chills,disease
1,1,1,1,1,1,0,0,0,0,0,0,0,0,0,1,0,0,0,0,Common Cold
0,1,1,0,1,1,0,0,0,0,0,0,0,0,0,0,0,0,0,0,Common Cold
1,1,0,1,1,1,0,0,0,0,0,0,0,0,0,0,0,0,0,0,Common Cold
0,1,1,1,1,1,0,0,0,0,0,0,0,0,0,1,0,0,0,0,Common Cold
1,1,1,1,1,0,0,0,0,0,0,0,0,0,0,1,0,0,1,1,Flu
1,1,1,1,0,0,0,0,0,0,1,0,0,0,1,1,0,1,1,1,Flu
1,1,1,0,1,0,0,0,0,0,0,0,0,0,0,1,0,0,1,1,Flu
0,1,1,1,0,0,0,0,0,1,0,0,0,0,0,1,0,1,1,1,Flu
0,0,1,1,0,0,0,0,0,1,1,1,0,0,0,0,0,0,0,0,Migraine
0,0,0,1,0,0,0,0,0,1,1,1,0,0,0,0,0,0,0,0,Migraine
0,0,1,1,0,0,0,0,0,1,1,0,0,0,0,0,0,0,0,0,Migraine
0,0,0,1,0,0,0,0,0,0,1,1,0,0,0,0,0,0,0,0,Migraine
0,0,0,0,0,0,0,0,0,0,0,0,1,1,0,0,0,0,0,0,Acne
0,0,0,0,0,0,0,0,0,0,0,0,1,0,0,0,0,0,0,0,Acne
0,0,0,0,0,0,0,0,0,0,0,0,1,1,0,0,0,0,0,0,Acne
0,0,0,0,0,0,0,0,0,0,0,0,1,1,0,0,0,0,0,0,Acne
0,0,0,0,0,0,0,0,0,0,0,0,1,1,0,0,0,0,0,0,Eczema
0,0,0,0,0,0,0,0,0,0,0,0,1,1,0,0,0,0,0,0,Eczema
0,0,0,0,0,0,0,0,0,0,0,0,1,1,0,0,0,0,0,0,Eczema
0,1,1,0,0,0,1,1,1,0,0,0,0,0,0,0,0,0,0,0,Asthma
0,1,0,0,0,0,1,0,1,0,0,0,0,0,0,0,0,0,0,0,Asthma
0,1,1,0,0,0,1,0,1,0,0,0,0,0,0,0,0,0,0,0,Asthma
0,1,0,0,0,0,1,1,1,0,0,0,0,0,0,0,0,0,0,0,Asthma
0,1,1,0,0,0,1,0,0,0,0,0,0,0,0,0,0,0,0,0,Bronchitis
1,1,1,1,1,0,1,1,0,0,0,0,0,0,0,1,0,0,0,0,Bronchitis
0,1,1,0,0,0,1,1,0,0,0,0,0,0,0,0,0,0,0,0,Bronchitis
1,1,1,0,0,0,1,1,0,0,0,0,0,0,0,1,0,0,0,0,Bronchitis
0,0,1,0,0,0,1,1,0,1,0,0,0,0,0,0,1,0,0,0,Hypertension
0,0,0,1,0,0,0,0,0,1,0,0,0,0,0,0,1,0,0,0,Hypertension
0,0,1,1,0,0,0,1,0,1,0,0,0,0,0,0,1,0,0,0,Hypertension
0,0,0,1,0,0,0,0,0,1,0,0,0,0,0,0,1,0,0,0,Hypertension
0,0,1,0,0,0,1,1,0,1,1,0,0,0,0,0,1,0,0,0,Coronary Artery Disease
0,0,1,0,0,0,1,1,0,0,0,0,0,0,0,0,1,0,0,0,Coronary Artery Disease
0,0,0,0,0,0,1,1,0,1,0,0,0,0,0,0,1,0,0,0,Coronary Artery Disease
0,0,1,0,0,0,1,1,0,1,1,0,0,0,0,0,1,0,0,0,Coronary Artery Disease
1,0,1,1,0,0,0,0,0,0,1,1,0,0,1,1,0,1,1,1,Malaria
1,0,1,1,0,0,0,0,0,0,0,1,0,0,1,1,0,1,1,1,Malaria
1,0,1,1,0,0,0,0,0,0,1,0,0,0,1,1,0,1,1,1,Malaria
1,0,0,1,0,0,0,0,0,0,1,1,0,0,1,1,0,1,1,1,Malaria